2026-09-29T03:43:16+00:00	https://cdaweb.gsfc.nasa.gov/hapi/data?id=OMNI2_H0_MRG1HR&time.min=2015-01-01T00:00:00Z&time.max=2016-01-01T00:00:00Z&parameters=ABS_B1800,BY_GSM1800,BZ_GSM1800,T1800,N1800,V1800,Pressure1800,E1800,Beta1800,KP1800,DST1800&format=csv&include=header	200	664470	89b20eae0c0f9d4c0308470a19106163104d37d781bc6521ca9fc5417c7fbf22	omni2_hapi	
2026-09-29T03:43:16+00:00	https://cdaweb.gsfc.nasa.gov/hapi/data?id=OMNI2_H0_MRG1HR&time.min=2016-01-01T00:00:00Z&time.max=2017-01-01T00:00:00Z&parameters=ABS_B1800,BY_GSM1800,BZ_GSM1800,T1800,N1800,V1800,Pressure1800,E1800,Beta1800,KP1800,DST1800&format=csv&include=header	200	663187	6b3a149553b135ab5a54aab5d5d77068636c48cca88a6259863778c50dc570af	omni2_hapi	
2026-09-29T03:43:16+00:00	https://cdaweb.gsfc.nasa.gov/hapi/data?id=OMNI2_H0_MRG1HR&time.min=2017-01-01T00:00:00Z&time.max=2018-01-01T00:00:00Z&parameters=ABS_B1800,BY_GSM1800,BZ_GSM1800,T1800,N1800,V1800,Pressure1800,E1800,Beta1800,KP1800,DST1800&format=csv&include=header	200	660784	c4e32d656d8918ff916646542b4f7883499570d6f9cab654a8ee3e641723a474	omni2_hapi	
2026-09-29T03:43:16+00:00	https://cdaweb.gsfc.nasa.gov/hapi/data?id=OMNI2_H0_MRG1HR&time.min=2018-01-01T00:00:00Z&time.max=2019-01-01T00:00:00Z&parameters=ABS_B1800,BY_GSM1800,BZ_GSM1800,T1800,N1800,V1800,Pressure1800,E1800,Beta1800,KP1800,DST1800&format=csv&include=header	200	657788	c106dbd276a54f27d916ce726dd73da52fddef9c60013449650f1a0af2e21ef4	omni2_hapi	
2026-09-29T03:43:16+00:00	https://cdaweb.gsfc.nasa.gov/hapi/data?id=OMNI2_H0_MRG1HR&time.min=2019-01-01T00:00:00Z&time.max=2020-01-01T00:00:00Z&parameters=ABS_B1800,BY_GSM1800,BZ_GSM1800,T1800,N1800,V1800,Pressure1800,E1800,Beta1800,KP1800,DST1800&format=csv&include=header	200	656802	66026212aff643afc7cedbd7176c277d4524e361b6bbccf5fe2ec89bff35bef3	omni2_hapi	
2026-09-29T03:43:16+00:00	https://cdaweb.gsfc.nasa.gov/hapi/data?id=OMNI2_H0_MRG1HR&time.min=2020-01-01T00:00:00Z&time.max=2021-01-01T00:00:00Z&parameters=ABS_B1800,BY_GSM1800,BZ_GSM1800,T1800,N1800,V1800,Pressure1800,E1800,Beta1800,KP1800,DST1800&format=csv&include=header	200	657811	9b205335196bea4e0197b148fa8d8d74c6da2ad68f739e5525db603754ac5be6	omni2_hapi	
2026-09-29T03:43:16+00:00	https://cdaweb.gsfc.nasa.gov/hapi/data?id=OMNI2_H0_MRG1HR&time.min=2021-01-01T00:00:00Z&time.max=2022-01-01T00:00:00Z&parameters=ABS_B1800,BY_GSM1800,BZ_GSM1800,T1800,N1800,V1800,Pressure1800,E1800,Beta1800,KP1800,DST1800&format=csv&include=header	200	660586	2ca1281a388837e858d0ae0630eee95164b9f37c3df7f8a831f568cd7b720cc9	omni2_hapi	
2026-09-29T03:43:16+00:00	https://cdaweb.gsfc.nasa.gov/hapi/data?id=OMNI2_H0_MRG1HR&time.min=2022-01-01T00:00:00Z&time.max=2023-01-01T00:00:00Z&parameters=ABS_B1800,BY_GSM1800,BZ_GSM1800,T1800,N1800,V1800,Pressure1800,E1800,Beta1800,KP1800,DST1800&format=csv&include=header	200	661657	6e9ec168b010b20446cb15de388dcff5c0877a79027bd49cf73dc0806c000167	omni2_hapi	
2026-09-29T03:43:16+00:00	https://cdaweb.gsfc.nasa.gov/hapi/data?id=OMNI2_H0_MRG1HR&time.min=2023-01-01T00:00:00Z&time.max=2024-01-01T00:00:00Z&parameters=ABS_B1800,BY_GSM1800,BZ_GSM1800,T1800,N1800,V1800,Pressure1800,E1800,Beta1800,KP1800,DST1800&format=csv&include=header	200	663757	26f5ade1cb6736a244a1e7fb08852336bdf06a0ac95254afeca26114bad7e270	omni2_hapi	
2026-09-29T03:43:16+00:00	https://cdaweb.gsfc.nasa.gov/hapi/data?id=OMNI2_H0_MRG1HR&time.min=2024-01-01T00:00:00Z&time.max=2025-01-01T00:00:00Z&parameters=ABS_B1800,BY_GSM1800,BZ_GSM1800,T1800,N1800,V1800,Pressure1800,E1800,Beta1800,KP1800,DST1800&format=csv&include=header	200	665084	29952f66593472d5d0e363df28085868f17c502ac0981c7d6590a2c34bd234ca	omni2_hapi	
2026-09-29T03:43:16+00:00	https://cdaweb.gsfc.nasa.gov/hapi/data?id=OMNI2_H0_MRG1HR&time.min=2025-01-01T00:00:00Z&time.max=2026-01-01T00:00:00Z&parameters=ABS_B1800,BY_GSM1800,BZ_GSM1800,T1800,N1800,V1800,Pressure1800,E1800,Beta1800,KP1800,DST1800&format=csv&include=header	200	666816	f17ccff606c061fa16923781c4f02f70ae80ed76fa08a97f3d747a146200275d	omni2_hapi	
2026-09-29T03:43:16+00:00	https://wdc.kugi.kyoto-u.ac.jp/dst_final/201501/dst1501.for.request	SKIP	3752	c081bd7931a2632244d541a9058093ac41d4df5da1b856fb08be17fd546da6e9	dst_final	already present from earlier run
2026-09-29T03:43:16+00:00	https://wdc.kugi.kyoto-u.ac.jp/dst_final/201502/dst1502.for.request	SKIP	3389	59ad7e818a8be2c01ae714d4e5988421858e0a5f6d71ae773586340b3ffea8bb	dst_final	already present from earlier run
2026-09-29T03:43:16+00:00	https://wdc.kugi.kyoto-u.ac.jp/dst_final/201503/dst1503.for.request	SKIP	3752	2c6e963daa9eb1f00aace468d5e26fb35ef44492f30c2c364f72e1b4e779e0c9	dst_final	already present from earlier run
2026-09-29T03:43:16+00:00	https://wdc.kugi.kyoto-u.ac.jp/dst_final/201504/dst1504.for.request	SKIP	3631	b9951bd3d6aa39df5d4b085b598894c6af208180c7217f921b671084dc4bbaf2	dst_final	already present from earlier run
2026-09-29T03:43:16+00:00	https://wdc.kugi.kyoto-u.ac.jp/dst_final/201505/dst1505.for.request	SKIP	3752	e25698f680eff6b5b19c4892a91ce5fd9ae45a90d7b7f6c55f1832c02860ca7f	dst_final	already present from earlier run
2026-09-29T03:43:16+00:00	https://wdc.kugi.kyoto-u.ac.jp/dst_final/201506/dst1506.for.request	SKIP	3631	9a560634da2bfe6f2d5ae47c906f53011705f9336ac86666e1417536227358f4	dst_final	already present from earlier run
2026-09-29T03:43:16+00:00	https://wdc.kugi.kyoto-u.ac.jp/dst_final/201507/dst1507.for.request	SKIP	3752	e7f47060b7fbd92e5fff0fa9d5aa3f4f2f788799cc77261863ee34f926985140	dst_final	already present from earlier run
2026-09-29T03:43:16+00:00	https://wdc.kugi.kyoto-u.ac.jp/dst_final/201508/dst1508.for.request	SKIP	3752	baba28ecc466d5cfa94591a2eadfbfe4a7245e0bc43c1fd8f9e8bb8dcc4be738	dst_final	already present from earlier run
2026-09-29T03:43:16+00:00	https://wdc.kugi.kyoto-u.ac.jp/dst_final/201509/dst1509.for.request	SKIP	3631	26ba125113b14910e76512c14007dc5cb7924898ee50a7d7eae72a84a6bf267a	dst_final	already present from earlier run
2026-09-29T03:43:16+00:00	https://wdc.kugi.kyoto-u.ac.jp/dst_final/201510/dst1510.for.request	SKIP	3752	d710bd789086e730a46fc670f4e6bf8809274a8847ebceed893d986dae68ec8b	dst_final	already present from earlier run
2026-09-29T03:43:16+00:00	https://wdc.kugi.kyoto-u.ac.jp/dst_final/201511/dst1511.for.request	SKIP	3631	8bd49746c3502f774696829ccb0d794bc5da58592d01516186ea6dfd8979297b	dst_final	already present from earlier run
2026-09-29T03:43:16+00:00	https://wdc.kugi.kyoto-u.ac.jp/dst_final/201512/dst1512.for.request	SKIP	3752	c95d95efbefea1dfcf93c6ad4382672ac91746e8c71ecb5a60c605b78a50c698	dst_final	already present from earlier run
2026-09-29T03:43:16+00:00	https://wdc.kugi.kyoto-u.ac.jp/dst_final/201601/dst1601.for.request	SKIP	3752	0795a0405313b8ec79e561548fd75c08ab45fc9230ab213e71eaf59e0581cb6d	dst_final	already present from earlier run
2026-09-29T03:43:16+00:00	https://wdc.kugi.kyoto-u.ac.jp/dst_final/201602/dst1602.for.request	SKIP	3510	1aff79792a38c8e20325749711f82eb8d10f032f91973ee4729e9e02b0667b4d	dst_final	already present from earlier run
2026-09-29T03:43:16+00:00	https://wdc.kugi.kyoto-u.ac.jp/dst_final/201603/dst1603.for.request	SKIP	3752	269ab445794123ca281e5e3d69bc133a3b5d1ef000645653cdb26d12fb799435	dst_final	already present from earlier run
2026-09-29T03:43:16+00:00	https://wdc.kugi.kyoto-u.ac.jp/dst_final/201604/dst1604.for.request	SKIP	3631	de07dd595bbf24749f5b99926ded6cb53d93b0b8be15b74f0ddb510c783e4d94	dst_final	already present from earlier run
2026-09-29T03:43:16+00:00	https://wdc.kugi.kyoto-u.ac.jp/dst_final/201605/dst1605.for.request	SKIP	3752	6da37d4490d86aeb401309998c2d804421fb4dec4b07416c27ced6e07f1cb12b	dst_final	already present from earlier run
2026-09-29T03:43:16+00:00	https://wdc.kugi.kyoto-u.ac.jp/dst_final/201606/dst1606.for.request	SKIP	3631	a4787786cfc020e6292bd99b1258fa349f3d182b0c5fb61add2503868c1add7c	dst_final	already present from earlier run
2026-09-29T03:43:16+00:00	https://wdc.kugi.kyoto-u.ac.jp/dst_final/201607/dst1607.for.request	SKIP	3752	30cc07a3a65605cb219d6ea693709ae5ae4bd219bbeb4bf3e3113ae80e95abce	dst_final	already present from earlier run
2026-09-29T03:43:16+00:00	https://wdc.kugi.kyoto-u.ac.jp/dst_final/201608/dst1608.for.request	SKIP	3752	477bd8dca49d91ba12c3e2d0aa8858478d1f19aacc713c680798ce2848f87d1c	dst_final	already present from earlier run
2026-09-29T03:43:16+00:00	https://wdc.kugi.kyoto-u.ac.jp/dst_final/201609/dst1609.for.request	SKIP	3631	b982c627e426c4d3ab9ab6768c23b181fbdfb46f5516a37ff7e6d6366295a471	dst_final	already present from earlier run
2026-09-29T03:43:16+00:00	https://wdc.kugi.kyoto-u.ac.jp/dst_final/201610/dst1610.for.request	SKIP	3752	27edde8c52c745eafc4b9589d4db593bfee2a36ec22d4cdc62150cf510bfb5de	dst_final	already present from earlier run
2026-09-29T03:43:16+00:00	https://wdc.kugi.kyoto-u.ac.jp/dst_final/201611/dst1611.for.request	SKIP	3631	2a1873a4111a57a566e0e217aa2df926ce060682d017048320f94583347ced5d	dst_final	already present from earlier run
2026-09-29T03:43:16+00:00	https://wdc.kugi.kyoto-u.ac.jp/dst_final/201612/dst1612.for.request	SKIP	3752	e80f122b716b822d07e82fc0cb74052aac2b73b10d4469a185e8f7dd6b76500f	dst_final	already present from earlier run
2026-09-29T03:43:16+00:00	https://wdc.kugi.kyoto-u.ac.jp/dst_final/201701/dst1701.for.request	SKIP	3752	31c06df571a665f1361cc3fbb7f3335bca9011ea514b05c41ad7872a558e5099	dst_final	already present from earlier run
2026-09-29T03:43:16+00:00	https://wdc.kugi.kyoto-u.ac.jp/dst_final/201702/dst1702.for.request	SKIP	3389	d1693e29713075c200629effada2537a8e5c7cdfb7def35796720c5e992919c2	dst_final	already present from earlier run
2026-09-29T03:43:16+00:00	https://wdc.kugi.kyoto-u.ac.jp/dst_final/201703/dst1703.for.request	SKIP	3752	bb1fce43bbf4c56fe11392f4e5bdf886905dfd2b8f5d7eeb0fd4efba0b161122	dst_final	already present from earlier run
2026-09-29T03:43:16+00:00	https://wdc.kugi.kyoto-u.ac.jp/dst_final/201704/dst1704.for.request	SKIP	3631	eeba0bf003ec0c6353cb20b6fb0997aa9e98eb0849259e9ffc03e9062fbf6ed5	dst_final	already present from earlier run
2026-09-29T03:43:16+00:00	https://wdc.kugi.kyoto-u.ac.jp/dst_final/201705/dst1705.for.request	SKIP	3752	de6a346fffdb7bf4cf7ebc4198abd2091ab2ec4a4ea6756d15a0b44304598dc0	dst_final	already present from earlier run
2026-09-29T03:43:16+00:00	https://wdc.kugi.kyoto-u.ac.jp/dst_final/201706/dst1706.for.request	SKIP	3631	ebf439f395e1f0a9c7a02df1d2dde2a692c046c9879151d0e6d7f5aaef898ac4	dst_final	already present from earlier run
2026-09-29T03:43:16+00:00	https://wdc.kugi.kyoto-u.ac.jp/dst_final/201707/dst1707.for.request	SKIP	3752	bdb918f2cc2d9cb521b4ab1d84e3adf1d48d19365915e06c96c39352bd563a7e	dst_final	already present from earlier run
2026-09-29T03:43:16+00:00	https://wdc.kugi.kyoto-u.ac.jp/dst_final/201708/dst1708.for.request	SKIP	3752	e81e6c093f43fe16d4124fc9bd5610c73d27696867f28276e9d56ac4b32d14bd	dst_final	already present from earlier run
2026-09-29T03:43:16+00:00	https://wdc.kugi.kyoto-u.ac.jp/dst_final/201709/dst1709.for.request	SKIP	3631	b5d1a8f09a6e62257ca5b8de8011edcdecf5f2542a54eddbd395af478c0ae696	dst_final	already present from earlier run
2026-09-29T03:43:16+00:00	https://wdc.kugi.kyoto-u.ac.jp/dst_final/201710/dst1710.for.request	SKIP	3752	b844990f82125f99d49eafd91b010fc66fd72e15f1a703476d85156c473e7349	dst_final	already present from earlier run
2026-09-29T03:43:16+00:00	https://wdc.kugi.kyoto-u.ac.jp/dst_final/201711/dst1711.for.request	SKIP	3631	6745c68d9da4b3dbd4a6936ccea87123f7336b636400d416613d3c8453aaae7e	dst_final	already present from earlier run
2026-09-29T03:43:16+00:00	https://wdc.kugi.kyoto-u.ac.jp/dst_final/201712/dst1712.for.request	SKIP	3752	3e9407220656621ca881d3dc17560751eefee6e0c297d74521b3d12f0a419598	dst_final	already present from earlier run
2026-09-29T03:43:16+00:00	https://wdc.kugi.kyoto-u.ac.jp/dst_final/201801/dst1801.for.request	SKIP	3752	4297bd628028c557584d7831cd73194335499b5d9d2b5163dd8a1d4a36018c42	dst_final	already present from earlier run
2026-09-29T03:43:16+00:00	https://wdc.kugi.kyoto-u.ac.jp/dst_final/201802/dst1802.for.request	SKIP	3389	c66acbe2a28da092aedcf35f2d642b297a78a6a684b93831508deb1885850541	dst_final	already present from earlier run
2026-09-29T03:43:16+00:00	https://wdc.kugi.kyoto-u.ac.jp/dst_final/201803/dst1803.for.request	SKIP	3752	0c3934b54bfbbbe56b5c8711d25aa43a93c228ae2c834baea6df490a2da82d84	dst_final	already present from earlier run
2026-09-29T03:43:16+00:00	https://wdc.kugi.kyoto-u.ac.jp/dst_final/201804/dst1804.for.request	SKIP	3631	34e5ac28c5baba88eb653c0a89ec1b73acce73e26f268d76a2296fd05628b4ef	dst_final	already present from earlier run
2026-09-29T03:43:16+00:00	https://wdc.kugi.kyoto-u.ac.jp/dst_final/201805/dst1805.for.request	SKIP	3752	903f27a67514362d1b8de32852487255383c004c8c2781b7b974d003cc509167	dst_final	already present from earlier run
2026-09-29T03:43:16+00:00	https://wdc.kugi.kyoto-u.ac.jp/dst_final/201806/dst1806.for.request	SKIP	3631	9ef401441e7db8f4a9eb0911b37167740c2d842ea7d5a15609c080411bce443f	dst_final	already present from earlier run
2026-09-29T03:43:16+00:00	https://wdc.kugi.kyoto-u.ac.jp/dst_final/201807/dst1807.for.request	SKIP	3752	f1c69a416f63c963d3aaedf939c18af9098d6005eed1576ffd0aafa5ec121146	dst_final	already present from earlier run
2026-09-29T03:43:16+00:00	https://wdc.kugi.kyoto-u.ac.jp/dst_final/201808/dst1808.for.request	SKIP	3752	cc0283ef6b04faba3272acb48ac41c2de3dbedf27b195b14ee077e1bb41798b3	dst_final	already present from earlier run
2026-09-29T03:43:16+00:00	https://wdc.kugi.kyoto-u.ac.jp/dst_final/201809/dst1809.for.request	SKIP	3631	84c8527e0be3a26c99e595101834bb69ca8dc6acc95a718e4b52be02b3249d40	dst_final	already present from earlier run
2026-09-29T03:43:16+00:00	https://wdc.kugi.kyoto-u.ac.jp/dst_final/201810/dst1810.for.request	SKIP	3752	70cf1c98319d64b37f6933005a4ba02c8cedce33dbb83bef67084369a6b44213	dst_final	already present from earlier run
2026-09-29T03:43:16+00:00	https://wdc.kugi.kyoto-u.ac.jp/dst_final/201811/dst1811.for.request	SKIP	3631	eb027106710abac268537815dfe53e1776c4cb06967d0f53c5838c8a0d9a6247	dst_final	already present from earlier run
2026-09-29T03:43:16+00:00	https://wdc.kugi.kyoto-u.ac.jp/dst_final/201812/dst1812.for.request	SKIP	3752	4e64b99d655e80469089d72ac678aa04e2aab63e6276f2b55a9a0a7c69fa6fee	dst_final	already present from earlier run
2026-09-29T03:43:16+00:00	https://wdc.kugi.kyoto-u.ac.jp/dst_final/201901/dst1901.for.request	SKIP	3752	5cc6037d960c2503a07e558428c7805765038cce11a3657ff884acfd1006a80f	dst_final	already present from earlier run
2026-09-29T03:43:16+00:00	https://wdc.kugi.kyoto-u.ac.jp/dst_final/201902/dst1902.for.request	SKIP	3389	b968d7c9b1f8db13dee0e7430af4abaddcb653f19ae26827ac2b3161040a1b20	dst_final	already present from earlier run
2026-09-29T03:43:16+00:00	https://wdc.kugi.kyoto-u.ac.jp/dst_final/201903/dst1903.for.request	SKIP	3752	f60590342bec26084ffd31f2e748629a621aa7fe1cb7961a0dc99d89d7f1b27e	dst_final	already present from earlier run
2026-09-29T03:43:16+00:00	https://wdc.kugi.kyoto-u.ac.jp/dst_final/201904/dst1904.for.request	SKIP	3631	eca1f0a3876c67367bb3388a7f5b75d31f7fdf8e813c6f27ecde88d4c8bba902	dst_final	already present from earlier run
2026-09-29T03:43:16+00:00	https://wdc.kugi.kyoto-u.ac.jp/dst_final/201905/dst1905.for.request	SKIP	3752	57e7ed3fe8e24b24eb3872c7f99b0f3200efb20fdea6a3f1abe84a894ad52343	dst_final	already present from earlier run
2026-09-29T03:43:16+00:00	https://wdc.kugi.kyoto-u.ac.jp/dst_final/201906/dst1906.for.request	SKIP	3631	86b310dc15f76ebd552b6cc57ac618f5c7c856afec1b8158adffcec8b3fc56e4	dst_final	already present from earlier run
2026-09-29T03:43:16+00:00	https://wdc.kugi.kyoto-u.ac.jp/dst_final/201907/dst1907.for.request	SKIP	3752	c46b0067b9e407789a1127275f34b0d4612f0288d8398e27d331e6e45442b47b	dst_final	already present from earlier run
2026-09-29T03:43:16+00:00	https://wdc.kugi.kyoto-u.ac.jp/dst_final/201908/dst1908.for.request	SKIP	3752	b4450473ea51efa29af12380a7c1d23e06cf261a1b01934647e8accad292e6cb	dst_final	already present from earlier run
2026-09-29T03:43:16+00:00	https://wdc.kugi.kyoto-u.ac.jp/dst_final/201909/dst1909.for.request	SKIP	3631	14aa1458ca92882f886eebc67e8ce9cb47da605c74f4cdc18a3d65ef7d877cf8	dst_final	already present from earlier run
2026-09-29T03:43:16+00:00	https://wdc.kugi.kyoto-u.ac.jp/dst_final/201910/dst1910.for.request	SKIP	3752	a019388d9134260a3acd6e8d9d64fd9faa4ccf16ae92b3b73ec070ef7028512f	dst_final	already present from earlier run
2026-09-29T03:43:16+00:00	https://wdc.kugi.kyoto-u.ac.jp/dst_final/201911/dst1911.for.request	SKIP	3631	ab420e6e2a37c6057f7540e4268326c0c05f4dd37edb669515134e2e5712555c	dst_final	already present from earlier run
2026-09-29T03:43:16+00:00	https://wdc.kugi.kyoto-u.ac.jp/dst_final/201912/dst1912.for.request	SKIP	3752	8813b818ffaa2a04521be4ed0f225a8164e490c520b4d4c408dc1c0211f8e99a	dst_final	already present from earlier run
2026-09-29T03:43:16+00:00	https://wdc.kugi.kyoto-u.ac.jp/dst_final/202001/dst2001.for.request	SKIP	3752	f7545be24ea25aecb985bb5b73f760cd620d2897bbe041bcd6145761c45da483	dst_final	already present from earlier run
2026-09-29T03:43:16+00:00	https://wdc.kugi.kyoto-u.ac.jp/dst_final/202002/dst2002.for.request	SKIP	3510	1da9c1844efeb731e242564a09e5cceaac89f6e4c9ebf7b5424079efc3314e98	dst_final	already present from earlier run
2026-09-29T03:43:16+00:00	https://wdc.kugi.kyoto-u.ac.jp/dst_final/202003/dst2003.for.request	SKIP	3752	1d149135d3ca564e5f0752cf16e5ff522c2a1fd7c83a7a9dc3a526ab5f7fb814	dst_final	already present from earlier run
2026-09-29T03:43:16+00:00	https://wdc.kugi.kyoto-u.ac.jp/dst_final/202004/dst2004.for.request	SKIP	3631	95b65875be7abfcd4057e9dd60fc914c9b8a8f94e90715df36e5f41886c995e6	dst_final	already present from earlier run
2026-09-29T03:43:16+00:00	https://wdc.kugi.kyoto-u.ac.jp/dst_final/202005/dst2005.for.request	SKIP	3752	f2c1f878a4790dacb8d6cef17de0a3b90497c81c2833374a731277d184958333	dst_final	already present from earlier run
2026-09-29T03:43:16+00:00	https://wdc.kugi.kyoto-u.ac.jp/dst_final/202006/dst2006.for.request	SKIP	3631	87cbb63c922982f17072ea3778a34abc8d6129fc2065896a845af6f5321b3c0b	dst_final	already present from earlier run
2026-09-29T03:43:16+00:00	https://wdc.kugi.kyoto-u.ac.jp/dst_final/202007/dst2007.for.request	SKIP	3752	70767b13a39e2ae18072acd548ed282778602d07d4f4a77930b6c33e54d13180	dst_final	already present from earlier run
2026-09-29T03:43:16+00:00	https://wdc.kugi.kyoto-u.ac.jp/dst_final/202008/dst2008.for.request	SKIP	3752	dfecce25cbac99e5309c578a961bfe97cc4fbf3c3e5ca782ede6826f261d4be4	dst_final	already present from earlier run
2026-09-29T03:43:16+00:00	https://wdc.kugi.kyoto-u.ac.jp/dst_final/202009/dst2009.for.request	SKIP	3631	ad7387f21b5399158cb28ac5665a88087a66911187f86a3082890c22f85d2a74	dst_final	already present from earlier run
2026-09-29T03:43:16+00:00	https://wdc.kugi.kyoto-u.ac.jp/dst_final/202010/dst2010.for.request	SKIP	3752	c00c355fc59efedef7f6ed86b758ddd1fa1de1ab7b63ddced185bea10ab5dfb4	dst_final	already present from earlier run
2026-09-29T03:43:16+00:00	https://wdc.kugi.kyoto-u.ac.jp/dst_final/202011/dst2011.for.request	SKIP	3631	ce19d7e10d7b733701f4675b6f1a7c8107b884520c21aada20cee3def982c1f8	dst_final	already present from earlier run
2026-09-29T03:43:16+00:00	https://wdc.kugi.kyoto-u.ac.jp/dst_final/202012/dst2012.for.request	SKIP	3752	00519c5616a0c9bdb0bf3399dc4054b1830ef76014efe420c744297b8332f89f	dst_final	already present from earlier run
2026-09-29T03:43:16+00:00	https://wdc.kugi.kyoto-u.ac.jp/dst_provisional/202101/dst2101.for.request	SKIP	3793	cee0adcb7f1b169d4492f2c6a0f2a6976bcb47adf78e2e87cf8661151bf8b31f	dst_provisional	already present from earlier run
2026-09-29T03:43:16+00:00	https://wdc.kugi.kyoto-u.ac.jp/dst_provisional/202102/dst2102.for.request	SKIP	3430	f294a807dbd2ed34f3d56f6b94d3462df507c95bcd70ed60eb35683c73a46a66	dst_provisional	already present from earlier run
2026-09-29T03:43:16+00:00	https://wdc.kugi.kyoto-u.ac.jp/dst_provisional/202103/dst2103.for.request	SKIP	3793	61f33f0683391eb9649453b964ab7658424ed53c8d1ef4b6ae39f3000cfc6e72	dst_provisional	already present from earlier run
2026-09-29T03:43:16+00:00	https://wdc.kugi.kyoto-u.ac.jp/dst_provisional/202104/dst2104.for.request	SKIP	3672	2ab94816e7553d87a57e4f11d277d948c0f1c2997aa5be60aed27071893cc9c3	dst_provisional	already present from earlier run
2026-09-29T03:43:16+00:00	https://wdc.kugi.kyoto-u.ac.jp/dst_provisional/202105/dst2105.for.request	SKIP	3793	b31efcf6d6df7ef8f99eb4a26c7f227d6308c1cd32c355140ef478745098ce0c	dst_provisional	already present from earlier run
2026-09-29T03:43:16+00:00	https://wdc.kugi.kyoto-u.ac.jp/dst_provisional/202106/dst2106.for.request	SKIP	3672	21d1fee5fdbaac47f40c76d4fde71dfe11dbff786cd6227413f94a1f869d5a77	dst_provisional	already present from earlier run
2026-09-29T03:43:16+00:00	https://wdc.kugi.kyoto-u.ac.jp/dst_provisional/202107/dst2107.for.request	SKIP	3793	8d54d4ae4fce85b58c9e161441d8d30d03467799283edf077073c5e55a5e97cc	dst_provisional	already present from earlier run
2026-09-29T03:43:16+00:00	https://wdc.kugi.kyoto-u.ac.jp/dst_provisional/202108/dst2108.for.request	SKIP	3793	2b0d61b6da12f547a0d96b7974739f9757edd01a53e928c4a26f9803027dd6d2	dst_provisional	already present from earlier run
2026-09-29T03:43:16+00:00	https://wdc.kugi.kyoto-u.ac.jp/dst_provisional/202109/dst2109.for.request	SKIP	3672	174ca91044aabe80b9558d21f864f930bde958cddb9755cff52231e9a741d90f	dst_provisional	already present from earlier run
2026-09-29T03:43:16+00:00	https://wdc.kugi.kyoto-u.ac.jp/dst_provisional/202110/dst2110.for.request	SKIP	3793	82e1b6b0674b266961bda68354a9522e147902383c92ee4465352abab98d85c8	dst_provisional	already present from earlier run
2026-09-29T03:43:16+00:00	https://wdc.kugi.kyoto-u.ac.jp/dst_provisional/202111/dst2111.for.request	SKIP	3672	4e30bfec621979bc7b0711c964ebf700b7c6e46ab2863546c3809b959c3f5628	dst_provisional	already present from earlier run
2026-09-29T03:43:16+00:00	https://wdc.kugi.kyoto-u.ac.jp/dst_provisional/202112/dst2112.for.request	SKIP	3793	a7e41e89ec8ecd47fb8431904832cfc64ba1502171e9638122c2dc3623f20a8a	dst_provisional	already present from earlier run
2026-09-29T03:43:16+00:00	https://wdc.kugi.kyoto-u.ac.jp/dst_provisional/202201/dst2201.for.request	SKIP	3794	5e8cc475470745805757936ab0e2a290073c0d149d8c01e55b0a714542f6af7d	dst_provisional	already present from earlier run
2026-09-29T03:43:16+00:00	https://wdc.kugi.kyoto-u.ac.jp/dst_provisional/202202/dst2202.for.request	SKIP	3431	daa2983dbeb6c3e8225344f3b6c9852e94a010e3fe2eefa0297fa3d7ae5d03d6	dst_provisional	already present from earlier run
2026-09-29T03:43:16+00:00	https://wdc.kugi.kyoto-u.ac.jp/dst_provisional/202203/dst2203.for.request	SKIP	3794	6a517e6c4ff080b4ec7944ff3468a9a14f5727a14174bb0c03d6fb04dbb8821d	dst_provisional	already present from earlier run
2026-09-29T03:43:16+00:00	https://wdc.kugi.kyoto-u.ac.jp/dst_provisional/202204/dst2204.for.request	SKIP	3673	06c6789eadcd68fa2b1694b99db992dfb23db19d7e237e0cef86e1893272fd05	dst_provisional	already present from earlier run
2026-09-29T03:43:16+00:00	https://wdc.kugi.kyoto-u.ac.jp/dst_provisional/202205/dst2205.for.request	SKIP	3794	9a1c786f9290528fad113a0477a8213f88d6967ef6556d252a9427a979fd4cdc	dst_provisional	already present from earlier run
2026-09-29T03:43:16+00:00	https://wdc.kugi.kyoto-u.ac.jp/dst_provisional/202206/dst2206.for.request	SKIP	3673	ca2167e7f554e1a2d2a2a113aae80f2bd2d89757923fa155a27e3cf74e512de0	dst_provisional	already present from earlier run
2026-09-29T03:43:16+00:00	https://wdc.kugi.kyoto-u.ac.jp/dst_provisional/202207/dst2207.for.request	SKIP	3794	ea6180b9e1b68dfc983f6f6abf0b74ccb59ef5a15931f77c5f097831f921a9ec	dst_provisional	already present from earlier run
2026-09-29T03:43:16+00:00	https://wdc.kugi.kyoto-u.ac.jp/dst_provisional/202208/dst2208.for.request	SKIP	3794	caf7e133f32506d7ce910aa094837233f351f730757074d7777aac70c38ae5c6	dst_provisional	already present from earlier run
2026-09-29T03:43:16+00:00	https://wdc.kugi.kyoto-u.ac.jp/dst_provisional/202209/dst2209.for.request	SKIP	3673	d921f4355a2f9b81fb839e49061ae5ee4c1a02c6a155320cf3170be83b40c347	dst_provisional	already present from earlier run
2026-09-29T03:43:16+00:00	https://wdc.kugi.kyoto-u.ac.jp/dst_provisional/202210/dst2210.for.request	SKIP	3794	21751df6027fac7cd8381218bc66453b41698e5986e8f206aa3cd888906f2fc4	dst_provisional	already present from earlier run
2026-09-29T03:43:16+00:00	https://wdc.kugi.kyoto-u.ac.jp/dst_provisional/202211/dst2211.for.request	SKIP	3673	11da953e1838d784091598d5aa10036f87e73d833a7db9ea24f37d72925a055a	dst_provisional	already present from earlier run
2026-09-29T03:43:16+00:00	https://wdc.kugi.kyoto-u.ac.jp/dst_provisional/202212/dst2212.for.request	SKIP	3794	90f5ad46f4f2a412e339f690cb3338c5893b518bc56a60c9a85c7666d6672c77	dst_provisional	already present from earlier run
2026-09-29T03:43:16+00:00	https://wdc.kugi.kyoto-u.ac.jp/dst_provisional/202301/dst2301.for.request	SKIP	3793	7c12e91bf7288ef5c3c42bf8ca99347d133222e6ba992223ed3486524ec492a1	dst_provisional	already present from earlier run
2026-09-29T03:43:16+00:00	https://wdc.kugi.kyoto-u.ac.jp/dst_provisional/202302/dst2302.for.request	SKIP	3430	be0dc81d4cd205cacad162f75e93c4bfa604abb8423ac41f641e9eb24f3835f8	dst_provisional	already present from earlier run
2026-09-29T03:43:16+00:00	https://wdc.kugi.kyoto-u.ac.jp/dst_provisional/202303/dst2303.for.request	SKIP	3793	e6d5d94c354609baa50112f70846d6cb9638f212f19ecc6f46a81ca9066012bc	dst_provisional	already present from earlier run
2026-09-29T03:43:16+00:00	https://wdc.kugi.kyoto-u.ac.jp/dst_provisional/202304/dst2304.for.request	SKIP	3672	77d8a7ee8396bade594edd50d9191487a68028f75f194ddc12c077b53cee1b09	dst_provisional	already present from earlier run
2026-09-29T03:43:16+00:00	https://wdc.kugi.kyoto-u.ac.jp/dst_provisional/202305/dst2305.for.request	SKIP	3793	c5856fb9bf351fbf3e6943428b387eafa37eaa384ca901b3543bf69bf83448e8	dst_provisional	already present from earlier run
2026-09-29T03:43:16+00:00	https://wdc.kugi.kyoto-u.ac.jp/dst_provisional/202306/dst2306.for.request	SKIP	3672	703de46ca552cb89e077173997a05a3aaa86e25b53293d5c3bd23307a718d6fd	dst_provisional	already present from earlier run
2026-09-29T03:43:16+00:00	https://wdc.kugi.kyoto-u.ac.jp/dst_provisional/202307/dst2307.for.request	SKIP	3794	636216aabc69befe5427b55e40231904f718b3fae43536ef99546d716bdcafec	dst_provisional	already present from earlier run
2026-09-29T03:43:16+00:00	https://wdc.kugi.kyoto-u.ac.jp/dst_provisional/202308/dst2308.for.request	SKIP	3794	988ca6a0aae1b6ae664604b8a92318e976e6e82693c69442833f6086cf9d02f6	dst_provisional	already present from earlier run
2026-09-29T03:43:16+00:00	https://wdc.kugi.kyoto-u.ac.jp/dst_provisional/202309/dst2309.for.request	SKIP	3673	129f24bdf3c087c868ed2d63ead4ed7fef3d41dbaae7e7bbca30167f57cbea25	dst_provisional	already present from earlier run
2026-09-29T03:43:16+00:00	https://wdc.kugi.kyoto-u.ac.jp/dst_provisional/202310/dst2310.for.request	SKIP	3794	18169dc52bfc7a2f7b1fce59132ae7b2009cb456763e879e03e0029f75a45e27	dst_provisional	already present from earlier run
2026-09-29T03:43:16+00:00	https://wdc.kugi.kyoto-u.ac.jp/dst_provisional/202311/dst2311.for.request	SKIP	3673	bf995601a6696ea8e7d89ecadf5b3156d2d3ab6e21af70b405a38a3edd70472a	dst_provisional	already present from earlier run
2026-09-29T03:43:16+00:00	https://wdc.kugi.kyoto-u.ac.jp/dst_provisional/202312/dst2312.for.request	SKIP	3794	9ab4930fe85edf7d829bc6a11acd3391bd0288849fbdffa55b8676d6ebf4d6f4	dst_provisional	already present from earlier run
2026-09-29T03:43:16+00:00	https://wdc.kugi.kyoto-u.ac.jp/dst_provisional/202401/dst2401.for.request	SKIP	3794	bd151dda10a1b08f17ca708b73240cb5c40462ea75b171c1cc5a57ea74a25903	dst_provisional	already present from earlier run
2026-09-29T03:43:16+00:00	https://wdc.kugi.kyoto-u.ac.jp/dst_provisional/202402/dst2402.for.request	SKIP	3552	399230678ca0e00ea6383df1e4b5fe18d924cda6328bee5257d924b5c00cbad3	dst_provisional	already present from earlier run
2026-09-29T03:43:16+00:00	https://wdc.kugi.kyoto-u.ac.jp/dst_provisional/202403/dst2403.for.request	SKIP	3794	bf82461368863590472dad60c1b5bcae29ef1b261aac98f7c01eb155e485eaf9	dst_provisional	already present from earlier run
2026-09-29T03:43:16+00:00	https://wdc.kugi.kyoto-u.ac.jp/dst_provisional/202404/dst2404.for.request	SKIP	3673	0f8508bdf4bae98fcabe6c3b59abf076aeb16704d56767b38ee9c68c2f4e605f	dst_provisional	already present from earlier run
2026-09-29T03:43:16+00:00	https://wdc.kugi.kyoto-u.ac.jp/dst_provisional/202405/dst2405.for.request	SKIP	3794	f2bd464a586e66eb95dd431c5cd864b2c8e180df89eb2d53522fea68ae97f4f7	dst_provisional	already present from earlier run
2026-09-29T03:43:16+00:00	https://wdc.kugi.kyoto-u.ac.jp/dst_provisional/202406/dst2406.for.request	SKIP	3673	4fd3f25f235c729d73f7734d4c982cf6ce9da4705dec06c04f33de7f569a033c	dst_provisional	already present from earlier run
2026-09-29T03:43:16+00:00	https://wdc.kugi.kyoto-u.ac.jp/dst_provisional/202407/dst2407.for.request	SKIP	3794	874d6b3bd9ec253c560409862c2a8ce3f4bf306f65163d900c864bd1da9e2048	dst_provisional	already present from earlier run
2026-09-29T03:43:16+00:00	https://wdc.kugi.kyoto-u.ac.jp/dst_provisional/202408/dst2408.for.request	SKIP	3794	2a3c93f23e4fa3c230d3248cb37d30a399ac8fcbc32fcc2cd804eee872d0fd4f	dst_provisional	already present from earlier run
2026-09-29T03:43:16+00:00	https://wdc.kugi.kyoto-u.ac.jp/dst_provisional/202409/dst2409.for.request	SKIP	3673	78cc890fc7c6dcaa201361ee9e44035e6968596506c9403ca12d7321fd393962	dst_provisional	already present from earlier run
2026-09-29T03:43:16+00:00	https://wdc.kugi.kyoto-u.ac.jp/dst_provisional/202410/dst2410.for.request	SKIP	3794	7b524ff4b5938c1a1e407f780d46d264551a8a98022fe4ae0575ff5c3b3960a5	dst_provisional	already present from earlier run
2026-09-29T03:43:16+00:00	https://wdc.kugi.kyoto-u.ac.jp/dst_provisional/202411/dst2411.for.request	SKIP	3672	1bf89c8a5dc7983a7dc9e7df7687a78269b68d7494895a041961bcb511cbbf77	dst_provisional	already present from earlier run
2026-09-29T03:43:16+00:00	https://wdc.kugi.kyoto-u.ac.jp/dst_provisional/202412/dst2412.for.request	SKIP	3793	56c0c3fca181d23257a41b89e5d12c2884b8e5617e28e5a3caaaf5072cce4913	dst_provisional	already present from earlier run
2026-09-29T03:43:16+00:00	https://wdc.kugi.kyoto-u.ac.jp/dst_provisional/202501/dst2501.for.request	SKIP	3793	8e91e720595425fb36cb0f7d652b191f137de3a2cae1f39878b104016c6945b7	dst_provisional	already present from earlier run
2026-09-29T03:43:16+00:00	https://wdc.kugi.kyoto-u.ac.jp/dst_provisional/202502/dst2502.for.request	SKIP	3430	e973dc3ec02b3fb73df1c4ed0a829f5b876e3c605a49f6583a5f2cf49b451f33	dst_provisional	already present from earlier run
2026-09-29T03:43:16+00:00	https://wdc.kugi.kyoto-u.ac.jp/dst_provisional/202503/dst2503.for.request	SKIP	3793	d4dabf1879f910d3593cdb8ccd8bf6cdd312a0fb6de8e033a9a670f258f91f45	dst_provisional	already present from earlier run
2026-09-29T03:43:16+00:00	https://wdc.kugi.kyoto-u.ac.jp/dst_provisional/202504/dst2504.for.request	SKIP	3672	fecd68febe5b12addd4a7557ed0719f4dcf8acdd970c32e98891fb49b2bc8b7c	dst_provisional	already present from earlier run
2026-09-29T03:43:16+00:00	https://wdc.kugi.kyoto-u.ac.jp/dst_provisional/202505/dst2505.for.request	SKIP	3793	5f9e6494ae83ade5a2a1394ea87279f6b0c94a1b2de172c8d6c6c9b3927d4d9c	dst_provisional	already present from earlier run
2026-09-29T03:43:16+00:00	https://wdc.kugi.kyoto-u.ac.jp/dst_provisional/202506/dst2506.for.request	SKIP	3672	ce8d78b16f0f57a0bf9faee27ebd17fe2e0861fad5a7011c7c7408ee6ec25b21	dst_provisional	already present from earlier run
2026-09-29T03:43:16+00:00	https://wdc.kugi.kyoto-u.ac.jp/dst_provisional/202507/dst2507.for.request	SKIP	3793	948512fc1f1f20b92e2662694422f8fde203814742488520b9cc2486c3e2edbd	dst_provisional	already present from earlier run
2026-09-29T03:43:16+00:00	https://wdc.kugi.kyoto-u.ac.jp/dst_provisional/202508/dst2508.for.request	SKIP	3793	656c028c586a3673340161a54e30d613004674504ab5ba819e34d5a0dca804b3	dst_provisional	already present from earlier run
2026-09-29T03:43:16+00:00	https://wdc.kugi.kyoto-u.ac.jp/dst_provisional/202509/dst2509.for.request	SKIP	3672	d8cc9083d2b65312988aa08b956183d8e44b0728ed326e5a16fbb15a94da8f53	dst_provisional	already present from earlier run
